chapter,PENSVMA,PENSVMB
1,0.8813559322033898,0.8809523809523809
2,0.725,0.65
3,0.7804878048780487,0.7948717948717948
4,0.5098039215686274,0.75
5,0.8654970760233919,0.5
