chapter,PENSVMA,PENSVMB
1,0.8220338983050848,0.8809523809523809
2,0.6125,0.65
3,0.6951219512195121,0.7948717948717948
4,0.45588235294117646,0.625
5,0.8157894736842105,0.5
