model,style_0
davinci,0.09362637362637363
davinci:ft-cmc:ch1to3-replacements-style0-0shot-2023-06-27-09-21-42,0.4217582417582418
