chapter,PENSVMA,PENSVMB
1,0.23076923076923078,0.3571428571428571
2,0.14285714285714285,
3,0.3076923076923077,0.25
