model,1,2,3
davinci,0.10989010989010989,0.07142857142857142,0.08846153846153847
davinci:ft-cmc:ch1to3-replacements-style0-0shot-2023-06-27-09-21-42,0.478021978021978,0.21428571428571427,0.46923076923076923
