model,style1,style10,style11,style12,style13,style14,style15,style16,style17,style18,style19,style2,style3,style4,style5,style6,style7,style8,style9
text-davinci-003,0.302,0.31275,0.302,0.3065,0.3045,0.28200000000000003,0.26375000000000004,0.274,0.27725,0.27794871794871795,0.2925641025641026,0.3030769230769231,0.3123076923076923,0.3082051282051282,0.2964102564102564,0.29538461538461536,0.3007894736842105,0.3058974358974359,0.3087179487179487
