model,0shot,1shot,3shot,5shot
davinci,0.07500000000000001,0.15000000000000002,0.125,0.05
davinci-finetuned-ch5txt-only,0.1,0.20000000000000004,0.13333333333333333,0.06666666666666667
davinci-finetuned-ch5txt-qareplacements,0.2,0.1,0.0,0.0
davinci-finetuned-ch5txt-replacements,0.10000000000000002,0.03333333333333333,0.10000000000000002,0.10000000000000002
