model,PENSVMA,PENSVMB
davinci-base,0.9055081819561241,0.8709458174733588
davinci-finetuned,0.948675219349383,0.9565178861465098
